name,SENTIMENT_EXTREME,WORD_COUNT_MIN,WORD_COUNT_MAX,ADJ_NOUN_RATIO,FIRST_PERSON_RATIO,SPAM_KEYWORD_MIN,CAPS_RATIO_MAX,EXCESSIVE_PUNCT_MIN,UNIQUENESS_RATIO_MIN,accuracy,precision,recall,f1_score,true_positives,false_positives,true_negatives,false_negatives,total_samples
Stage1_127,0.95,20,200,2.0,0.1,3,0.2,3,0.6,0.6,0.6785714285714286,0.38,0.48717948717948717,19,9,41,31,100
Stage2_71,0.95,20,200,2.0,0.1,4,0.2,4,0.6,0.6,0.6785714285714286,0.38,0.48717948717948717,19,9,41,31,100
Stage2_65,0.95,20,200,2.0,0.1,4,0.2,2,0.6,0.6,0.6785714285714286,0.38,0.48717948717948717,19,9,41,31,100
Stage2_62,0.95,20,200,2.0,0.1,4,0.15,4,0.6,0.6,0.6785714285714286,0.38,0.48717948717948717,19,9,41,31,100
Stage2_59,0.95,20,200,2.0,0.1,4,0.15,3,0.6,0.6,0.6785714285714286,0.38,0.48717948717948717,19,9,41,31,100
